oid,expid,hjd,mjd,mag,magerr,catflags,filtercode,ra,dec,chi,sharp,filefracday,field,ccdid,qid,limitmag,magzp,magzprms,clrcoeff,clrcounc,exptime,airmass,programid
338213400000339,51339798,2458267.9005680606,58267.397986100000,16.5765228,0.0139272325,32768,zr,315.0724664,-14.190154100000000,0.771000028,-0.0480000004,20180529397986,338,13,4,18.2600002,25.3020458,0.0822024271,0.0755139291,0.000159866438,30.0,2.17199993,1
338213400000339,51641802,2458270.9208700670,58270.418020800000,16.7581196,0.0148599017,0,zr,315.0724349,-14.190138100000000,0.552999973,0.0070000002,20180601418009,338,13,4,19.1000004,25.9950886,0.0412352979,0.0873974264,0.000017850381,30.0,1.85500002,1
338213400000339,52048116,2458274.9843669557,58274.481169000000,16.7776604,0.0149721326,0,zr,315.0724593,-14.190136900000000,0.628000021,-0.0250000004,20180605481169,338,13,4,20.3500004,26.0958557,0.0292661730,0.0872975364,0.000007492019,30.0,1.57099998,1
338213400000339,52341854,2458277.9219830646,58277.418541700000,16.6719646,0.0143933464,0,zr,315.0724589,-14.190144400000000,0.865999997,0.0049999999,20180608418542,338,13,4,20.7600002,26.0095692,0.0219263565,0.0947422162,0.000004009228,30.0,1.72399998,1
338213400000339,52637420,2458280.8778796764,58280.374201400000,16.8816681,0.0156119233,0,zr,315.0724541,-14.190134700000000,0.853999972,0.0329999998,20180611374190,338,13,4,21.0699997,26.0535774,0.0217964388,0.0910978615,0.000003965674,30.0,2.02200007,1
338213400000339,52937983,2458283.8837483437,58283.379838000000,16.7085342,0.0145858666,0,zr,315.0724657,-14.190137700000000,0.363000005,-0.0030000000,20180614379826,338,13,4,20.8999996,26.0800247,0.0238466971,0.0908303261,0.000004738268,30.0,1.88300002,1
338213400000339,53246103,2458286.9651683970,58286.461030100000,16.9222069,0.0158815868,0,zr,315.0724619,-14.190139200000000,0.331000000,-0.0140000004,20180617460486,338,13,4,21.0799999,26.0967140,0.0221455786,0.0956148058,0.000004123429,30.0,1.57500005,1
338213400000339,53545997,2458289.9643267510,58289.459976900000,16.6444302,0.0142535819,0,zr,315.0724579,-14.190134700000000,0.620999992,-0.0199999996,20180620459977,338,13,4,20.8899994,26.1031647,0.0229858868,0.0930472016,0.000004452474,30.0,1.58200002,1
338213400000339,53833284,2458292.8373896806,58292.332847200000,16.6814613,0.0144425733,0,zr,315.0724610,-14.190142100000000,1.203999996,-0.0250000004,20180623332801,338,13,4,20.4599991,26.0521336,0.0255163405,0.0960191786,0.000005479022,30.0,2.13899994,1
338213400000339,54433515,2458298.8400622928,58298.335150500000,16.7840500,0.0150093613,0,zr,315.0724753,-14.190141300000000,0.751999974,0.0219999999,20180629335139,338,13,4,19.2800007,26.0316925,0.0408196710,0.0995741785,0.000015940290,30.0,1.92299998,1
338213400000339,54837206,2458302.8771937187,58302.372060200000,16.6893768,0.0144840144,0,zr,315.0724181,-14.190042600000000,1.032999992,-0.0930000022,20180703371910,338,13,4,19.8600006,26.0440826,0.0385385454,0.0954074338,0.000012915410,30.0,1.63900006,1
338213400000339,55139799,2458305.9032826210,58305.397997700000,16.7456436,0.0147895087,0,zr,315.0724599,-14.190142700000000,0.949999988,-0.0120000001,20180706397998,338,13,4,20.0599995,25.8639946,0.0297836531,0.0950458720,0.000007598954,30.0,1.58200002,1
338213400000339,56041782,2458314.9234807600,58314.417824100000,16.7261009,0.0146812107,0,zr,315.0724572,-14.190139000000000,1.258000016,-0.0309999995,20180715417812,338,13,4,21.0499992,25.9360447,0.0238206722,0.0920449272,0.000004749739,30.0,1.64900005,1
338213400000339,56339789,2458317.9036456070,58317.397893500000,16.8260460,0.0152607094,32768,zr,315.0724611,-14.190114700000000,0.853999972,-0.0869999975,20180718397697,338,13,4,20.5799999,25.7900238,0.0264004078,0.0952866450,0.000005900620,30.0,1.62000000,1
338213400000339,56637975,2458320.8855904860,58320.379756900000,16.8186417,0.0152155384,0,zr,315.0724536,-14.190139400000000,1.386000037,-0.0370000005,20180721379745,338,13,4,21.0699997,26.0215492,0.0205536373,0.0797132701,0.000003612853,30.0,1.60099995,1
338213400000339,57635578,2458330.8617892830,58330.355787000000,16.6227722,0.0141467042,0,zr,315.0724488,-14.190132100000000,1.402999997,0.0270000007,20180731355752,338,13,4,20.0100002,26.0319691,0.0338280983,0.0815268978,0.000009664448,30.0,1.60800004,1
338213400000339,57931644,2458333.8224679003,58333.316446800000,17.4190178,0.0203059018,0,zr,315.0724839,-14.190159200000000,0.945999980,0.0610000007,20180803316412,338,13,4,20.6399994,26.0055485,0.0227550250,0.0850651637,0.000004374480,30.0,1.59399998,1
338213400000339,58233825,2458336.8442776670,58336.338252300000,16.8526955,0.0154263228,0,zr,315.0724549,-14.190116000000000,1.853000045,0.0199999996,20180806338241,338,13,4,20.9099998,26.1431370,0.0204033684,0.0822065920,0.000003495953,30.0,1.61000001,1
338213400000339,58432212,2458338.8281495180,58338.322129600000,16.7502308,0.0148152756,0,zr,315.0724646,-14.190123500000000,1.340999961,0.0350000001,20180808322130,338,13,4,20.8299999,26.0745697,0.0217795633,0.0830895603,0.000003997521,30.0,1.59700000,3
338213400000339,58831506,2458342.8210584563,58342.315069400000,17.8649750,0.0266257338,0,zr,315.0724648,-14.190132200000000,1.131999969,-0.0329999998,20180812315069,338,13,4,20.7900009,25.9338570,0.0254239608,0.0954393670,0.000005483535,30.0,1.60599995,3
338213400000339,58831644,2458342.8224358405,58342.316446800000,17.4902954,0.0211427826,0,zr,315.0724394,-14.190146300000000,0.720000029,-0.0500000007,20180812316447,338,13,4,20.7600002,25.9506454,0.0239501055,0.0878721178,0.000004821465,30.0,1.60800004,1
338213400000339,59433048,2458348.8363787130,58348.330486100000,16.7612305,0.0148775987,0,zr,315.0724478,-14.190120900000000,1.184000015,-0.0199999996,20180818330486,338,13,4,21.0300007,26.0622520,0.0221407078,0.0821077302,0.000004165091,30.0,1.69299996,1
338213400000339,59720934,2458351.7151657960,58351.209340300000,16.7121048,0.0146050919,0,zr,315.0724763,-14.190117500000000,0.963999987,-0.0240000002,20180821208981,338,13,4,20.2299995,26.0645695,0.0276775826,0.0789506510,0.000006316481,30.0,1.80700004,1
338213400000339,60928939,2458363.7947988890,58363.289398100000,16.6957321,0.0145175550,0,zr,315.0724541,-14.190149500000000,0.713999987,-0.0160000008,20180902289398,338,13,4,20.6499996,26.0667496,0.0245805643,0.0873986036,0.000005039323,30.0,1.64999998,1
338213400000339,61231613,2458366.8213935760,58366.316134300000,16.7854500,0.0150175514,0,zr,315.0724741,-14.190109300000000,0.759999990,-0.0060000001,20180905316134,338,13,4,20.7999992,26.1006794,0.0233306736,0.0838721320,0.000004551096,30.0,1.85800004,1
338213400000339,61518898,2458369.6940939660,58369.188981500000,16.7636604,0.0148914764,0,zr,315.0724626,-14.190108400000000,1.225999951,0.0089999996,20180908188947,338,13,4,20.5900002,26.0764389,0.0242680088,0.0810470283,0.000004914346,30.0,1.62600005,1
338213400000339,61829384,2458372.7987830420,58372.293842600000,16.7763081,0.0149642816,0,zr,315.0724790,-14.190131500000000,1.758999944,-0.0450000018,20180911293831,338,13,4,21.0000000,26.1144238,0.0199886076,0.0868983567,0.000003357711,30.0,1.81099999,1
338213400000339,62115557,2458375.6603487370,58375.155578700000,16.6463890,0.0142633785,0,zr,315.0724459,-14.190107300000000,1.815000057,-0.0199999996,20180914155359,338,13,4,20.7600002,26.1087952,0.0222581979,0.0803517997,0.000004099369,30.0,1.69400001,1
338213400000339,62423091,2458378.7354891560,58378.230914400000,16.7072144,0.0145787718,0,zr,315.0724751,-14.190137000000000,1.453999996,-0.0939999968,20180917230914,338,13,4,20.8500004,26.1192341,0.0209318995,0.0878072158,0.000003640409,30.0,1.59700000,1
338213400000339,67010629,2458424.6068740534,58424.106296300000,16.8524075,0.0154245030,32768,zr,315.0724191,-14.190042400000000,0.587000012,0.0309999995,20181102106285,338,13,4,18.7999992,25.3080597,0.0487421714,0.0896057189,0.000032856056,30.0,1.63499999,1
338213400000339,67110670,2458425.6071791956,58425.106701400000,16.8659477,0.0155104948,0,zr,315.0724649,-14.190152100000000,0.963999987,-0.0289999992,20181103106690,338,13,4,20.5400009,25.9938259,0.0305359513,0.0868961141,0.000007876711,30.0,1.64300001,3
338213400000339,67310552,2458427.6057986050,58427.105520800000,16.7001839,0.0145411994,0,zr,315.0724622,-14.190161700000000,0.749000013,0.0199999996,20181105105521,338,13,4,19.8899994,25.7307110,0.0330119431,0.0844547749,0.000009235405,30.0,1.65600002,3
338213400000339,67310643,2458427.6067129113,58427.106435200000,16.6490002,0.0142764766,32768,zr,315.0724434,-14.190164100000000,0.538999975,-0.0230000000,20181105106424,338,13,4,20.0799999,25.8174076,0.0408377163,0.0825215951,0.000013971180,30.0,1.65900004,1
338213400000339,67410444,2458428.6046221857,58428.104444400000,16.7809868,0.0149914762,0,zr,315.0724461,-14.190145800000000,0.691999972,0.0070000002,20181106104444,338,13,4,20.1499996,26.1183968,0.0315024741,0.0855612531,0.000008347913,30.0,1.66100001,3
338213400000339,67607634,2458430.5763229650,58430.076342600000,16.8996582,0.0157301370,0,zr,315.0723937,-14.190149800000000,1.164999962,0.0149999997,20181108076157,338,13,4,20.0200005,26.1327858,0.0276820473,0.0741341487,0.000006422900,30.0,1.61000001,1
338213400000339,67607725,2458430.5772371814,58430.077256900000,16.9306164,0.0159390252,0,zr,315.0724702,-14.190123000000000,0.580999970,-0.0260000005,20181108077245,338,13,4,20.3899994,26.1047707,0.0268744398,0.0962783545,0.000006076986,30.0,1.61199999,3
338213400000339,67716570,2458431.6655773540,58431.165706000000,16.6841507,0.0144566111,0,zr,315.0724564,-14.190160500000000,0.825999975,0.0489999987,20181109165648,338,13,4,19.3999996,26.0466499,0.0454125404,0.0844244510,0.000018529308,30.0,2.22099996,3
338213400000339,67908648,2458433.5861610400,58433.086481500000,16.8884621,0.0156562962,0,zr,315.0724706,-14.190145900000000,1.128999949,-0.0030000000,20181111086481,338,13,4,20.1700001,25.8456917,0.0283823609,0.0961926877,0.000006749967,30.0,1.64800000,1
338213400000339,71107403,2458465.5707694003,58465.074039400000,16.7360954,0.0147363041,0,zr,315.0724344,-14.190199300000000,0.361000001,0.0020000001,20181213074005,338,13,4,19.1399994,26.0823193,0.0407036431,0.0894628540,0.000017131533,30.0,2.24000001,2
338213400000339,71107895,2458465.5756879025,58465.078958300000,16.6464996,0.0142639335,0,zr,315.0723867,-14.190132400000000,0.926999986,-0.0160000008,20181213078935,338,13,4,19.3799992,26.0816193,0.0415556766,0.0838342980,0.000015655860,30.0,2.32200003,2
338213400000339,71108388,2458465.5806181080,58465.083888900000,16.6509686,0.0142863728,0,zr,315.0724304,-14.190140300000000,0.810999990,0.0109999999,20181213083854,338,13,4,19.4200001,26.0720806,0.0408194140,0.0869957656,0.000015451795,30.0,2.41300011,2
338213400000339,71108879,2458465.5855251130,58465.088796300000,16.6957378,0.0145175857,0,zr,315.0724548,-14.190196300000000,0.896000028,0.2220000029,20181213088762,338,13,4,18.5599995,26.0559673,0.0493269339,0.0855561644,0.000038647995,30.0,2.51500010,2
338213400000339,71207427,2458466.5709215640,58466.074270800000,16.8278275,0.0152716255,0,zr,315.0724679,-14.190143200000000,0.588000000,0.0089999996,20181214074236,338,13,4,20.0699997,26.0772018,0.0294452682,0.0920197815,0.000007257898,30.0,2.28800011,2
338213400000339,71207914,2458466.5757938763,58466.079143500000,16.7729282,0.0149447266,0,zr,315.0724623,-14.190153900000000,0.405999988,0.0109999999,20181214079109,338,13,4,19.9699993,26.0652447,0.0313282721,0.0913636908,0.000008221558,30.0,2.37500000,2
338213400000339,71208401,2458466.5806661886,58466.084016200000,16.6976852,0.0145279169,0,zr,315.0724535,-14.190148500000000,0.449999988,-0.0060000001,20181214083981,338,13,4,19.7700005,26.0629406,0.0357621126,0.0904833525,0.000010761018,30.0,2.47099996,2
338213400000339,71208887,2458466.5855269046,58466.088877300000,16.6803627,0.0144368540,0,zr,315.0724745,-14.190123600000000,0.398999989,-0.0219999999,20181214088854,338,13,4,19.6000004,25.9676819,0.0435926840,0.0864087865,0.000016340740,30.0,2.57999992,2
338213400000339,71407331,2458468.5698059206,58468.073310200000,16.9355507,0.0159729626,0,zr,315.0724574,-14.190163300000000,1.126999974,-0.0160000008,20181216073275,338,13,4,19.5200005,26.0770626,0.0458936058,0.0868898928,0.000018025072,30.0,2.36800003,2
338213400000339,71407826,2458468.5747592410,58468.078263900000,16.8774204,0.0155843478,0,zr,315.0724849,-14.190123600000000,1.105999947,0.0140000004,20181216078229,338,13,4,19.7700005,26.0629845,0.0378979556,0.0872029439,0.000012165601,30.0,2.46499991,2
338213400000339,71408321,2458468.5797125576,58468.083217600000,16.9018917,0.0157449804,0,zr,315.0724808,-14.190143100000000,0.699000001,-0.0049999999,20181216083183,338,13,4,20.0100002,26.0635548,0.0321012214,0.0859310254,0.000008749596,30.0,2.57500005,2
338213400000339,71408815,2458468.5846542740,58468.088159700000,16.8883133,0.0156553201,0,zr,315.0724556,-14.190138600000000,0.808000028,0.0049999999,20181216088125,338,13,4,20.0200005,26.0450459,0.0326452665,0.0905770957,0.000009018928,30.0,2.69799995,2
338213400000339,71507281,2458469.5692324110,58469.072812500000,16.9068089,0.0157777648,0,zr,315.0724773,-14.190154400000000,0.653999984,-0.0529999994,20181217072778,338,13,4,20.1599998,26.0688801,0.0280759893,0.0905503258,0.000006614261,30.0,2.41000009,2
338213400000339,71507771,2458469.5741394380,58469.077719900000,17.5160732,0.0214601308,0,zr,315.0724823,-14.190152100000000,0.842000008,-0.0089999996,20181217077697,338,13,4,20.2900009,26.0633545,0.0254815351,0.0861451104,0.000005501903,30.0,2.51200008,2
338213400000339,71508262,2458469.5790464627,58469.082627300000,18.2129765,0.0337469280,0,zr,315.0724519,-14.190135500000000,0.689000010,-0.0179999992,20181217082604,338,13,4,20.1399994,26.0592575,0.0318249390,0.0906362459,0.000008596008,30.0,2.62700009,2
338213400000339,71508753,2458469.5839534900,58469.087534700000,17.0529289,0.0168352090,0,zr,315.0724574,-14.190130200000000,0.649999976,-0.0280000009,20181217087500,338,13,4,20.2199993,26.0557499,0.0308372714,0.0881113261,0.000008069898,30.0,2.75600004,2
338213400000339,85448381,2458608.9840981020,58608.483819400000,16.8593102,0.0154681839,0,zr,315.0724646,-14.190140800000000,1.014000058,-0.0320000015,20190505483808,338,13,4,20.9699993,25.9247971,0.0220351107,0.0992245898,0.000004039236,30.0,1.92499995,1
338213400000339,86448446,2458618.9857242205,58618.484467600000,16.5106831,0.0136345867,32768,zr,315.0724209,-14.190154900000000,0.540000021,0.0049999999,20190515484178,338,13,4,16.6399994,21.3108406,0.0793730095,0.1045232117,0.003974040039,30.0,1.71700001,1
338213400000339,88139813,2458635.9009623937,58635.398136600000,16.8384933,0.0153374579,0,zr,315.0724569,-14.190145700000000,0.901000023,0.0480000004,20190601398125,338,13,4,21.2099991,25.9086266,0.0220562164,0.0940459892,0.000004082104,30.0,2.05800009,1
338213400000339,88748069,2458641.9840385756,58641.480694400000,16.8002949,0.0151052075,0,zr,315.0724717,-14.190152100000000,0.725000024,-0.0570000000,20190607480694,338,13,4,20.7999992,26.0389042,0.0209194720,0.0865517184,0.000003676980,30.0,1.56400001,1
338213400000339,89048032,2458644.9839118830,58644.480324100000,16.6362877,0.0142130917,0,zr,315.0724565,-14.190145000000000,0.372999996,-0.0120000001,20190610480324,338,13,4,20.2900009,26.0375957,0.0293716192,0.0852552578,0.000007243942,30.0,1.56599998,1
338213400000339,89742047,2458651.9245914514,58651.420474500000,16.7986717,0.0150955487,0,zr,315.0724681,-14.190161600000000,0.938000023,-0.0370000005,20190617420000,338,13,4,19.7299995,26.0412292,0.0360377766,0.0900894925,0.000011268750,30.0,1.61099994,1
338213400000339,92127403,2458675.7795301440,58675.274039400000,16.8473091,0.0153924534,0,zr,315.0724665,-14.190141900000000,0.526000023,-0.0089999996,20190711274039,338,13,4,20.4400005,25.9154873,0.0271617677,0.0982165709,0.000006175108,30.0,2.27399993,1
338213400000339,92448189,2458678.9875126807,58678.481898100000,16.8884315,0.0156560931,0,zr,315.0724783,-14.190156300000000,0.966000021,-0.0500000007,20190714481840,338,13,4,20.8899994,26.0208187,0.0221934784,0.0906227678,0.000004111195,30.0,2.06299996,1
338213400000339,93044016,2458684.9459646490,58684.440162000000,17.0859299,0.0170974694,0,zr,315.0724858,-14.190119900000000,0.504000008,-0.0120000001,20190720440162,338,13,4,19.7000008,26.0296135,0.0352094620,0.0973135009,0.000010747178,30.0,1.81299996,1
338213400000339,93638432,2458690.8902631137,58690.384328700000,16.9248657,0.0158996973,0,zr,315.0724720,-14.190152500000000,0.611999989,-0.0000000000,20190726384329,338,13,4,21.0599995,25.9485512,0.0206500608,0.0873151794,0.000003588990,30.0,1.61399996,1
338213400000339,93638523,2458690.8911659294,58690.385231500000,16.9356918,0.0159739349,0,zr,315.0724696,-14.190152900000000,0.693000019,-0.0390000008,20190726385232,338,13,4,21.0400009,25.9443970,0.0223847777,0.0863721892,0.000004226852,30.0,1.61699998,3
338213400000339,93737637,2458691.8823281475,58691.376377300000,16.8326149,0.0153010804,0,zr,315.0724770,-14.190149500000000,0.763999999,0.0010000000,20190727376377,338,13,4,20.9099998,25.9772320,0.0241037235,0.0889658853,0.000004853638,30.0,1.60000002,3
338213400000339,93934031,2458693.8462911300,58693.340312500000,16.7648048,0.0148980245,0,zr,315.0724647,-14.190160300000000,0.580999970,-0.0340000018,20190729340312,338,13,4,20.9099998,26.0083332,0.0234499983,0.0916488767,0.000004664644,30.0,1.56299996,1
338213400000339,93934121,2458693.8471939415,58693.341215300000,16.7237263,0.0146682123,0,zr,315.0724686,-14.190139500000000,1.009999990,-0.0260000005,20190729341215,338,13,4,20.8799992,26.0091763,0.0231265314,0.0954458416,0.000004525779,30.0,1.56299996,3
338213400000339,94133592,2458695.8419262490,58695.335925900000,16.8794594,0.0155975660,0,zr,315.0724680,-14.190138500000000,1.215999961,-0.0179999992,20190731335914,338,13,4,21.0799999,25.9624043,0.0208168942,0.0915518105,0.000003648938,30.0,1.56299996,3
338213400000339,94337681,2458697.8828328266,58697.376817100000,16.8819695,0.0156138875,0,zr,315.0724765,-14.190119300000000,1.226999998,0.0250000004,20190802376632,338,13,4,21.0000000,26.0004883,0.0231495202,0.0976455435,0.000004527407,30.0,1.65499997,3
338213400000339,94439898,2458698.9050023183,58698.398981500000,16.8575859,0.0154572390,0,zr,315.0724545,-14.190155000000000,0.381999999,0.0040000002,20190803398981,338,13,4,20.9699993,25.9527359,0.0224918500,0.0882618725,0.000004272017,30.0,1.79100001,1
338213400000339,94737766,2458701.8836877700,58701.377662000000,16.8314590,0.0152939521,0,zr,315.0724787,-14.190145600000000,0.800999999,0.0590000004,20190806377662,338,13,4,21.0000000,25.9442024,0.0229065232,0.0942355022,0.000004462774,30.0,1.71000004,1
338213400000339,95318674,2458707.6927407100,58707.186747700000,16.8591156,0.0154669425,0,zr,315.0724762,-14.190162100000000,0.521000028,-0.0340000018,20190812186713,338,13,4,20.0300007,25.9552479,0.0335702114,0.0979540423,0.000009442348,30.0,2.27300000,1
338213400000339,95735148,2458711.8574168724,58711.351481500000,16.7915440,0.0150533598,0,zr,315.0724668,-14.190122200000000,0.545000017,-0.0120000001,20190816351481,338,13,4,19.0200005,26.0356750,0.0422830507,0.1067563742,0.000019981768,30.0,1.71599996,1
338213400000339,96033851,2458714.8443950400,58714.338518500000,16.8979187,0.0157186072,0,zr,315.0724596,-14.190149200000000,1.580999970,-0.0160000008,20190819338218,338,13,4,20.3600006,26.0405846,0.0252995025,0.0784639865,0.000005394784,30.0,1.69099998,1
338213400000339,96236876,2458716.8745898646,58716.368761600000,16.8921585,0.0156805776,0,zr,315.0724841,-14.190150200000000,0.541999996,0.0049999999,20190821368762,338,13,4,20.5300007,26.0096283,0.0249728803,0.0899414569,0.000005295227,30.0,1.95500004,3
338213400000339,96637144,2458720.8771604663,58720.371446800000,16.7838211,0.0150080249,0,zr,315.0724588,-14.190089700000000,1.241000056,0.0750000030,20190825371400,338,13,4,20.0499992,25.8596554,0.0350284874,0.1096511930,0.000010387779,30.0,2.11899996,1
338213400000339,97823171,2458732.7369396330,58732.231713000000,16.7182159,0.0146381762,0,zr,315.0724745,-14.190150400000000,0.305000007,0.0439999998,20190906231713,338,13,4,20.9400005,25.9634285,0.0223665498,0.0865455493,0.000004172004,30.0,1.56299996,1
338213400000339,99325157,2458747.7558939676,58747.251574100000,17.3776550,0.0198465828,0,zr,315.0724722,-14.190149400000000,0.759000003,0.0280000009,20190921251574,338,13,4,20.6700001,25.9692669,0.0220757332,0.0875994861,0.000004122207,30.0,1.70700002,1
338213400000339,99625307,2458750.7571826736,58750.253078700000,16.7901440,0.0150451167,0,zr,315.0724608,-14.190138400000000,0.676999986,-0.0309999995,20190924253079,338,13,4,20.1499996,25.9070721,0.0414515175,0.0947544947,0.000014415007,30.0,1.76400006,1
338213400000339,100321240,2458757.7159715774,58757.212407400000,16.7846413,0.0150128193,0,zr,315.0724696,-14.190146400000000,0.282999992,0.0049999999,20191001212407,338,13,4,20.7399998,26.0165138,0.0206854958,0.0820933804,0.000003654691,30.0,1.65199995,2
338213400000339,100427612,2458758.7795998645,58758.276122700000,17.1821003,0.0179150663,0,zr,315.0725084,-14.190119400000000,0.764999986,-0.0209999997,20191002276111,338,13,4,20.3899994,25.9581909,0.0276984666,0.0925283656,0.000006585429,30.0,2.24600005,1
338213400000339,100720709,2458761.7103268304,58761.207094900000,16.8129883,0.0151813067,0,zr,315.0724630,-14.190144200000000,1.110999942,-0.0410000011,20191005207083,338,13,4,20.2199993,26.0074234,0.0266459957,0.0831161737,0.000005998227,30.0,1.67600000,1
338213400000339,101211517,2458766.6179778860,58766.115173600000,16.8889751,0.0156596564,0,zr,315.0724658,-14.190157800000000,0.349000007,-0.0170000009,20191010115162,338,13,4,19.3099995,26.0025043,0.0423478372,0.0927566737,0.000016991071,30.0,1.58800006,1
338213400000339,101512350,2458769.6260396703,58769.123506900000,16.8725529,0.0155528942,0,zr,315.0724594,-14.190128300000000,1.055999994,-0.0439999998,20191013123507,338,13,4,19.7900009,25.9736156,0.0343087465,0.0907789245,0.000010078803,30.0,1.56599998,1
338213400000339,101919069,2458773.6928501580,58773.190694400000,16.9925289,0.0163781326,32768,zr,315.0724767,-14.190163600000000,1.013000011,0.0489999987,20191017190694,338,13,4,19.0300007,25.0640507,0.0437783562,0.0791985765,0.000026362573,30.0,1.76699996,1
338213400000339,102710195,2458781.6033518860,58781.101956000000,16.6709404,0.0143880695,0,zr,315.0724781,-14.190158900000000,0.759000003,-0.0170000009,20191025101944,338,13,4,19.8099995,26.0166378,0.0353906490,0.0844908282,0.000010577019,30.0,1.56299996,1
338213400000339,103108158,2458785.5825894590,58785.081585600000,16.8540115,0.0154346265,0,zr,315.0724723,-14.190149100000000,0.629999995,0.0549999997,20191029081586,338,13,4,20.3199997,25.9991875,0.0283439923,0.0886025131,0.000006886249,30.0,1.56500006,1
338213400000339,103907556,2458793.5757735620,58793.075567100000,17.0186729,0.0165724084,32768,zr,315.0724986,-14.190169200000000,0.722000003,0.0270000007,20191106075567,338,13,4,18.8500004,26.0004883,0.0519326180,0.0819071978,0.000034347460,30.0,1.56500006,1
338213400000339,104209309,2458796.5929948900,58796.093090300000,16.8528633,0.0154273836,0,zr,315.0724594,-14.190130300000000,1.013000011,-0.0030000000,20191109092836,338,13,4,19.9799995,26.0053921,0.0319296792,0.0929519385,0.000008575787,30.0,1.60899997,1
338213400000339,105107119,2458805.5702062910,58805.071192100000,16.8475113,0.0153937256,32768,zr,315.0724743,-14.190179500000000,0.456000000,0.0250000004,20191118071181,338,13,4,18.5100002,26.0299206,0.0667442679,0.0852469578,0.000079496676,30.0,1.61699998,1
338213400000339,105809131,2458812.5896557850,58812.091319400000,16.9318695,0.0159476250,0,zr,315.0724746,-14.190137800000000,0.899999976,0.0189999994,20191125091319,338,13,4,20.0000000,25.9701748,0.0315045752,0.0910890400,0.000008340330,30.0,1.81799996,1
338213400000339,107607626,2458830.5730125290,58830.076261600000,16.9344215,0.0159651842,0,zr,315.0724404,-14.190132300000000,0.897000015,0.0099999998,20191213076227,338,13,4,19.2299995,26.1241627,0.0403139666,0.0906672403,0.000015558078,30.0,2.19400001,2
338213400000339,107608116,2458830.5779195350,58830.081169000000,16.9391117,0.0159975681,0,zr,315.0724874,-14.190181800000000,0.809000015,0.0370000005,20191213081134,338,13,4,19.0000000,26.1129570,0.0420963280,0.0959789380,0.000020802790,30.0,2.27399993,2
338213400000339,107608606,2458830.5828149370,58830.086064800000,16.8813133,0.0156096108,0,zr,315.0724481,-14.190162100000000,0.910000026,0.0170000009,20191213086042,338,13,4,18.9400005,26.1061077,0.0432461016,0.0934262946,0.000023020490,30.0,2.36299992,2
338213400000339,108207199,2458836.5682816670,58836.071990700000,16.6798820,0.0144343479,0,zr,315.0724825,-14.190131400000000,0.416000009,-0.0199999996,20191219071956,338,13,4,18.8700008,26.0796070,0.0446167365,0.0905069932,0.000024226481,30.0,2.40799999,2
338213400000339,108207692,2458836.5732118960,58836.076921300000,16.6760750,0.0144145880,0,zr,315.0724252,-14.190222500000000,0.912999988,0.1000000015,20191219076887,338,13,4,18.6499996,26.0638294,0.0448707640,0.0946888104,0.000031164378,30.0,2.51399994,2
338213400000339,108208185,2458836.5781421345,58836.081851900000,16.6547718,0.0143055562,0,zr,315.0724625,-14.190151100000000,0.280000001,0.0070000002,20191219081817,338,13,4,19.3600006,26.0615635,0.0436137356,0.0935808420,0.000017515560,30.0,2.63299990,2
338213400000339,108208678,2458836.5830722684,58836.086782400000,16.7718906,0.0149387391,0,zr,315.0724559,-14.190152600000000,0.929000020,-0.0040000002,20191219086748,338,13,4,19.3799992,26.0479298,0.0435016640,0.0957639441,0.000017361233,30.0,2.76699996,2
338213400000339,126445906,2459018.9633070970,59018.459062500000,18.3764896,0.0379388593,0,zr,315.0724480,-14.190158200000000,0.691999972,-0.0529999994,20200618458831,338,13,4,21.3600006,26.1266232,0.0268168561,0.0899612010,0.000006134072,30.0,1.56599998,1
338213400000339,126947962,2459023.9842137760,59023.479629600000,16.6960506,0.0145192491,0,zr,315.0724784,-14.190151400000000,0.388000011,0.0199999996,20200623479630,338,13,4,20.7299995,26.1608791,0.0220147017,0.0879901126,0.000004174689,30.0,1.63800001,1
338213400000339,127245997,2459026.9647479040,59026.459976900000,16.8711891,0.0155441146,0,zr,315.0724702,-14.190161700000000,0.671999991,-0.0630000010,20200626459977,338,13,4,21.2600002,26.1656075,0.0232271831,0.0862508193,0.000004604824,30.0,1.60200000,1
338213400000339,127648067,2459030.9856759170,59030.480671300000,16.8755646,0.0155723374,0,zr,315.0724729,-14.190162800000000,1.052999973,-0.0390000008,20200630480637,338,13,4,20.2700005,26.0925007,0.0263408702,0.0909549370,0.000005905085,30.0,1.73199999,1
338213400000339,127933445,2459033.8396131220,59033.334456000000,16.6475563,0.0142692327,0,zr,315.0724810,-14.190146000000000,1.049999952,-0.0649999976,20200703334144,338,13,4,20.0100002,26.1596985,0.0300164856,0.0877744481,0.000007618407,30.0,1.80599999,1
338213400000339,128839197,2459042.8975436115,59042.391979200000,17.6368675,0.0230577085,0,zr,315.0724647,-14.190157000000000,0.301999986,-0.0250000004,20200712391979,338,13,4,20.7999992,26.0845318,0.0224468242,0.0856875032,0.000004279475,30.0,1.56500006,1
338213400000339,129437729,2459048.8830576935,59048.377291700000,16.7819176,0.0149969067,0,zr,315.0724743,-14.190144600000000,0.760999978,-0.0209999997,20200718377292,338,13,4,21.0699997,26.1541710,0.0247252733,0.0930435285,0.000005184162,30.0,1.56599998,1
338213400000339,129737930,2459051.8851515000,59051.379305600000,18.2649231,0.0350141041,0,zr,315.0724467,-14.190159900000000,0.874000013,0.0179999992,20200721379282,338,13,4,20.9599991,26.1312256,0.0262902118,0.0904508382,0.000005859884,30.0,1.57700002,1
338213400000339,130036145,2459054.8673692190,59054.361458300000,16.6226006,0.0141458679,0,zr,315.0724788,-14.190154900000000,0.606999993,-0.0450000018,20200724361458,338,13,4,21.0000000,26.1556339,0.0267509576,0.0867723003,0.000006065259,30.0,1.56599998,1
338213400000339,130334881,2459057.8547809445,59057.348819400000,16.8881378,0.0156541709,0,zr,315.0724640,-14.190137400000000,0.740999997,-0.0350000001,20200727348819,338,13,4,20.8999996,26.1387959,0.0264065806,0.0848946795,0.000005911844,30.0,1.56400001,1
338213400000339,134135789,2459095.8632230060,59095.357893500000,16.8767738,0.0155801540,0,zr,315.0724700,-14.190112500000000,0.663999975,-0.0109999999,20200903357894,338,13,4,19.1599998,26.0080547,0.0423786901,0.1077891365,0.000019021705,30.0,2.32699990,1
338213400000339,135723010,2459111.7345124650,59111.230104200000,16.7119560,0.0146042882,0,zr,315.0724678,-14.190159100000000,0.680000007,-0.0680000037,20200919229850,338,13,4,20.8099995,25.9660797,0.0240948088,0.0817828551,0.000004884412,30.0,1.60800004,1
338213400000339,137023065,2459124.7340789083,59124.230659700000,16.7984238,0.0150940754,0,zr,315.0724621,-14.190140900000000,0.370000005,-0.0219999999,20201002230660,338,13,4,19.9300003,26.0977974,0.0315729827,0.0888730735,0.000008591305,30.0,1.77400005,1
338213400000339,137627105,2459130.7739550825,59130.271053200000,16.8952065,0.0157006737,0,zr,315.0724634,-14.190147700000000,0.819000006,-0.0219999999,20201008271053,338,13,4,20.5100002,26.0879650,0.0246598292,0.0871571973,0.000005172536,30.0,2.50900006,1
338213400000339,138118777,2459135.6902364910,59135.187777800000,16.8955650,0.0157030355,0,zr,315.0724761,-14.190150800000000,0.610000014,0.0020000001,20201013187778,338,13,4,20.9500008,26.0995903,0.0222514290,0.0900719762,0.000004211604,30.0,1.70099998,1
338213400000339,138316895,2459137.6712335020,59137.168958300000,16.7180061,0.0146370372,0,zr,315.0724791,-14.190151200000000,0.634000003,-0.0920000002,20201015168947,338,13,4,20.7800007,26.1115952,0.0253626052,0.0946503505,0.000005401356,30.0,1.64300001,1
338213400000339,138524979,2459139.7518714510,59139.249791700000,16.8890133,0.0156599060,0,zr,315.0724685,-14.190141200000000,0.759999990,-0.0680000037,20201017249792,338,13,4,20.6499996,25.9137764,0.0267499872,0.0953358337,0.000006061487,30.0,2.58699989,1
338213400000339,138714668,2459141.6485893102,59141.146689800000,16.8756905,0.0155731449,0,zr,315.0724647,-14.190145200000000,0.451000005,0.0080000004,20201019146562,338,13,4,20.8999996,26.0302753,0.0292638596,0.0820096135,0.000007326724,30.0,1.60699999,1
338213400000339,138913231,2459143.6340236070,59143.132314800000,16.6632423,0.0143485945,0,zr,315.0724630,-14.190151600000000,0.722999990,0.0020000001,20201021132315,338,13,4,21.1499996,26.1315098,0.0233900473,0.0895640403,0.000004682335,30.0,1.58000004,1
338213400000339,139510340,2459149.6045282884,59149.103402800000,16.8377361,0.0153327603,0,zr,315.0724598,-14.190193700000000,1.085000038,0.0020000001,20201027103403,338,13,4,19.0599995,26.1087666,0.0421279296,0.1017522514,0.000019115996,30.0,1.56299996,1
338213400000339,139619268,2459150.6937029910,59150.192685200000,16.8160305,0.0151997032,0,zr,315.0724894,-14.190137300000000,0.653999984,-0.0000000000,20201028192685,338,13,4,19.2900009,26.1607800,0.0462410524,0.0910474434,0.000020901767,30.0,2.08500004,1
338213400000339,139819134,2459152.6921620956,59152.191342600000,16.9164429,0.0158425234,0,zr,315.0724864,-14.190146000000000,0.811999977,0.0350000001,20201030191331,338,13,4,19.9599991,26.1500626,0.0297254268,0.0918802544,0.000007488932,30.0,2.14100003,1
338213400000339,139920409,2459153.7048158958,59153.204097200000,17.2571182,0.0186112784,0,zr,315.0724487,-14.190113500000000,1.054000020,0.0109999999,20201031203970,338,13,4,19.5699997,26.1254940,0.0407190956,0.1053496599,0.000014442654,30.0,2.40499997,1
338213400000339,140019640,2459154.6970202895,59154.196400500000,16.9070549,0.0157794170,0,zr,315.0724818,-14.190136400000000,0.500999987,-0.0049999999,20201101196343,338,13,4,19.6900005,26.1420250,0.0374043211,0.0916329548,0.000012059449,30.0,2.31100011,1
338213400000339,140410607,2459158.6063054833,59158.106076400000,16.8738365,0.0155611718,0,zr,315.0724789,-14.190154100000000,0.717000008,-0.0299999993,20201105106076,338,13,4,20.3899994,26.1622486,0.0268906970,0.0915434584,0.000006136258,30.0,1.61699998,1
338213400000339,141014534,2459164.6449726070,59164.145347200000,16.6983833,0.0145316198,0,zr,315.0724800,-14.190153200000000,0.490000010,-0.0080000004,20201111145347,338,13,4,19.8099995,26.1611309,0.0363106579,0.0905244350,0.000011173319,30.0,1.97500002,1
338213400000339,141110546,2459165.6049928160,59165.105463000000,16.8994160,0.0157285314,0,zr,315.0724739,-14.190139700000000,1.279999971,-0.0250000004,20201112105451,338,13,4,20.6900005,26.1926022,0.0224642847,0.0839270130,0.000004269272,30.0,1.69099998,1
338213400000339,141308429,2459167.5836273497,59167.084294000000,16.7884102,0.0150349131,0,zr,315.0724502,-14.190166500000000,0.384000003,0.0010000000,20201114083819,338,13,4,20.2700005,26.1970081,0.0286600292,0.0878817961,0.000006994868,30.0,1.62600005,1
338213400000339,141410628,2459168.6055169497,59168.106284700000,16.8639946,0.0154980067,0,zr,315.0724635,-14.190129600000000,0.797999978,-0.0149999997,20201115106285,338,13,4,20.3099995,26.1759033,0.0281944312,0.0942098945,0.000006714165,30.0,1.74199998,1
338213400000339,141612326,2459170.6222975430,59170.123263900000,16.7737103,0.0149492454,0,zr,315.0724699,-14.190144200000000,0.460999995,-0.0060000001,20201117123264,338,13,4,20.5400009,26.1640911,0.0234305374,0.0900117829,0.000004620226,30.0,1.91700006,1
338213400000339,141814480,2459172.6436392320,59172.144803200000,16.6921310,0.0144985253,0,zr,315.0724791,-14.190148300000000,0.769999981,-0.0230000000,20201119144792,338,13,4,20.4099998,26.1502399,0.0252457652,0.0899436772,0.000005341588,30.0,2.26799989,1
338213400000339,144007303,2459194.5698846850,59194.073032400000,16.9126167,0.0158167239,0,zr,315.0724640,-14.190096700000000,0.542999983,0.0120000001,20201211073021,338,13,4,18.8899994,26.1467705,0.0448398180,0.0987411067,0.000025358284,30.0,2.09100008,2
338213400000339,144007774,2459194.5745949945,59194.077743100000,16.8963203,0.0157080311,0,zr,315.0724466,-14.190181600000000,1.059000015,0.0099999998,20201211077743,338,13,4,19.3799992,26.1465282,0.0414255075,0.0900110155,0.000015522408,30.0,2.15700006,2
338213400000339,144008246,2459194.5793168090,59194.082465300000,16.8923874,0.0156820845,0,zr,315.0724475,-14.190108000000000,0.412999988,0.0140000004,20201211082465,338,13,4,19.4200001,26.1286335,0.0467204973,0.1013982818,0.000019516030,30.0,2.23000002,2
338213400000339,144008718,2459194.5840386200,59194.087187500000,16.9020748,0.0157461930,0,zr,315.0724465,-14.190133300000000,1.547000051,-0.0359999985,20201211087188,338,13,4,19.6499996,26.1343822,0.0364973061,0.0903771594,0.000011470092,30.0,2.31100011,2
338213400000339,144107321,2459195.5699889840,59195.073217600000,16.7619152,0.0148815103,0,zr,315.0724547,-14.190170500000000,0.435999990,0.0160000008,20201212073218,338,13,4,18.9799995,26.1357880,0.0434671268,0.0986982286,0.000021948266,30.0,2.13100004,2
338213400000339,144107792,2459195.5746992030,59195.077928200000,16.7994709,0.0151003059,0,zr,315.0724543,-14.190130800000000,1.345000029,0.0120000001,20201212077928,338,13,4,19.1299992,26.1324692,0.0455203876,0.0881286785,0.000021724694,30.0,2.20099998,2
338213400000339,144108265,2459195.5794211190,59195.082650500000,16.8503532,0.0154115697,0,zr,315.0724485,-14.190159400000000,0.391000003,0.0320000015,20201212082650,338,13,4,19.0200005,26.1254730,0.0429930873,0.0954629332,0.000020709607,30.0,2.27900004,2
338213400000339,144108737,2459195.5841429380,59195.087372700000,16.8454628,0.0153808994,0,zr,315.0724708,-14.190140300000000,0.515999973,0.0060000001,20201212087373,338,13,4,19.7500000,26.1306076,0.0353396684,0.0890496373,0.000010609579,30.0,2.36500001,2
338213400000339,144109209,2459195.5888647516,59195.092094900000,16.9153595,0.0158352070,0,zr,315.0724404,-14.190152600000000,1.057999969,-0.0250000004,20201212092083,338,13,4,19.7800007,26.1216736,0.0325141363,0.0951057822,0.000008952457,30.0,2.46099997,2
338213400000339,144307361,2459197.5702238800,59197.073611100000,16.8163490,0.0152016310,0,zr,315.0724614,-14.190160800000000,1.269000053,0.0299999993,20201214073611,338,13,4,18.8199997,25.6593552,0.0438624173,0.0955578461,0.000024907669,30.0,2.21900010,2
338213400000339,144307832,2459197.5749342083,59197.078321800000,16.7310371,0.0147083364,0,zr,315.0724586,-14.190139800000000,0.639999986,-0.0040000002,20201214078322,338,13,4,19.3400002,25.7769260,0.0396226496,0.0998300165,0.000014678313,30.0,2.29900002,2
338213400000339,144308303,2459197.5796444365,59197.083032400000,16.6886292,0.0144800851,0,zr,315.0724622,-14.190146800000000,0.847000003,-0.0509999990,20201214083032,338,13,4,19.0699997,25.6094685,0.0431156717,0.0950770751,0.000020405576,30.0,2.38700008,2
338213400000339,144308773,2459197.5843431633,59197.087731500000,16.6718864,0.0143929394,0,zr,315.0724320,-14.190134100000000,0.681999981,-0.0179999992,20201214087731,338,13,4,19.2800007,25.6297379,0.0408412740,0.0968729556,0.000016832848,30.0,2.48499990,2
338213400000339,144309244,2459197.5890533957,59197.092442100000,16.7904015,0.0150466310,32768,zr,315.0724960,-14.190116000000000,0.446999997,0.0140000004,20201214092431,338,13,4,18.7099991,25.3715096,0.0456407107,0.0995528921,0.000030422667,30.0,2.59500003,2
338213400000339,144407086,2459198.5674034553,59198.070868100000,16.7260208,0.0146807637,0,zr,315.0724059,-14.190130900000000,0.419000000,0.0060000001,20201215070463,338,13,4,19.1499996,26.1202374,0.0430320650,0.0964828804,0.000019078216,30.0,2.21900010,2
338213400000339,144407559,2459198.5721252910,59198.075590300000,16.6811771,0.0144410953,0,zr,315.0724484,-14.190132600000000,0.666999996,-0.0020000001,20201215075567,338,13,4,19.5699997,26.1164150,0.0363421477,0.0911261514,0.000011411714,30.0,2.29900002,2
338213400000339,144408031,2459198.5768471234,59198.080312500000,16.6713715,0.0143902842,0,zr,315.0724537,-14.190138800000000,1.136000037,-0.0130000003,20201215080301,338,13,4,19.6499996,26.1086369,0.0375260860,0.0932261720,0.000011904308,30.0,2.38700008,2
338213400000339,144408503,2459198.5815689560,59198.085034700000,16.6693783,0.0143800257,0,zr,315.0724632,-14.190148800000000,0.876999974,0.0230000000,20201215085012,338,13,4,19.7900009,26.1027126,0.0346537642,0.0889438912,0.000010110696,30.0,2.48600006,2
338213400000339,144408975,2459198.5862907874,59198.089756900000,16.7766991,0.0149665484,0,zr,315.0724515,-14.190131800000000,0.773999989,0.0060000001,20201215089745,338,13,4,19.5699997,26.1042614,0.0442996435,0.0880714953,0.000016733224,30.0,2.59699988,2
338213400000339,144507408,2459199.5705442120,59199.074085600000,16.8431511,0.0153664481,0,zr,315.0724927,-14.190168400000000,0.771000028,-0.0120000001,20201216074086,338,13,4,18.7999992,26.1441917,0.0469010435,0.0959454626,0.000029562385,30.0,2.32100010,2
338213400000339,144507879,2459199.5752545510,59199.078796300000,16.7782822,0.0149757378,0,zr,315.0724813,-14.190120900000000,0.781000018,0.0160000008,20201216078796,338,13,4,19.0200005,26.1342468,0.0461816490,0.0972785354,0.000024250163,30.0,2.41199994,2
338213400000339,144508350,2459199.5799647860,59199.083506900000,16.7299080,0.0147021189,0,zr,315.0724346,-14.190145500000000,0.783999979,0.0040000002,20201216083495,338,13,4,19.0499992,26.1207962,0.0440608747,0.1000863016,0.000021446242,30.0,2.51300001,2
338213400000339,144508820,2459199.5846635220,59199.088206000000,16.7461739,0.0147924824,0,zr,315.0723931,-14.190152900000000,1.269000053,0.0759999976,20201216088206,338,13,4,18.6599998,26.1261520,0.0497714244,0.0949517712,0.000037686877,30.0,2.62599993,2
338213400000339,144608234,2459200.5787321520,59200.082349500000,16.8277740,0.0152712949,0,zr,315.0724746,-14.190104300000000,1.769000053,-0.0399999991,20201217082350,338,13,4,19.8700008,25.9507542,0.0349232927,0.0984427482,0.000010343197,30.0,2.54999995,2
338213400000339,144608704,2459200.5834308965,59200.087048600000,16.8401165,0.0153475478,0,zr,315.0724807,-14.190138200000000,0.791999996,0.0370000005,20201217087049,338,13,4,20.1100006,26.0951576,0.0296531990,0.0899412036,0.000007456859,30.0,2.66700006,2
338213400000339,144609174,2459200.5881296406,59200.091747700000,16.7994118,0.0150999520,32768,zr,315.0724749,-14.190132900000000,1.036999941,0.0260000005,20201217091748,338,13,4,19.8600006,25.9274044,0.0425046757,0.0963544920,0.000015521049,30.0,2.79999995,2
338213400000339,160042144,2459354.9232222787,59354.421446800000,16.6963520,0.0145208379,0,zr,315.0724185,-14.190173000000000,0.941999972,0.0329999998,20210520421447,338,13,4,19.2900009,26.0364513,0.0420823246,0.0961252749,0.000017397017,30.0,2.15899992,1
338213400000339,160346186,2459357.9639242100,59357.461863400000,16.6893272,0.0144837582,0,zr,315.0724514,-14.190135200000000,0.947000027,-0.0130000003,20210523461863,338,13,4,20.5499992,26.0909786,0.0254957285,0.0906243250,0.000005501522,30.0,1.70700002,1
338213400000339,160741966,2459361.9220889770,59361.419664400000,16.7611980,0.0148774162,0,zr,315.0724459,-14.190160100000000,0.814999998,0.0579999983,20210527419653,338,13,4,19.7900009,26.1151905,0.0332320258,0.0941308215,0.000009503652,30.0,1.94500005,1
338213400000339,160940119,2459363.9037951590,59363.401192100000,16.7066193,0.0145755829,0,zr,315.0724544,-14.190148800000000,0.354999989,-0.0189999994,20210529401169,338,13,4,19.9400005,26.1106033,0.0344185531,0.0919640735,0.000010057316,30.0,2.09899998,1
338213400000339,161241515,2459366.9180198760,59366.415150500000,16.8806934,0.0156055801,0,zr,315.0724805,-14.190138400000000,0.714999974,-0.0209999997,20210601415150,338,13,4,20.0499992,26.0422878,0.0309842210,0.0940437764,0.000008221072,30.0,1.85899997,1
338213400000339,162043976,2459374.9433115767,59374.439768500000,16.6242332,0.0141538326,32768,zr,315.0724589,-14.190155500000000,1.180999994,0.0179999992,20210609439769,338,13,4,19.7299995,25.2060528,0.0496525615,0.0843205005,0.000021278231,30.0,1.60800004,1
338213400000339,162243937,2459376.9430768580,59376.439375000000,16.8237610,0.0152467303,0,zr,315.0724723,-14.190155000000000,0.565999985,-0.0109999999,20210611439363,338,13,4,20.8299999,26.1392078,0.0225120448,0.0883014426,0.000004291992,30.0,1.59500003,1
338213400000339,162637806,2459380.8820697805,59380.378067100000,16.6131763,0.0141002005,32768,zr,315.0725188,-14.190189600000000,1.055999994,-0.2029999942,20210615378067,338,13,4,18.0100002,23.5243587,0.0849239826,0.0920571089,0.000304961723,30.0,1.85000002,1
338213400000339,163341840,2459387.9229004146,59387.418402800000,17.1092453,0.0172882713,32768,zr,315.0724553,-14.190144100000000,1.319000006,-0.0509999990,20210622418403,338,13,4,19.8999996,25.7580185,0.0364661589,0.0933818445,0.000011328024,30.0,1.57599998,1
338213400000339,164042060,2459394.9255320006,59394.420601900000,16.8104248,0.0151658542,0,zr,315.0724595,-14.190147200000000,1.014999986,-0.0240000002,20210629420590,338,13,4,20.0400009,26.0262985,0.0305468887,0.0934461132,0.000007992753,30.0,1.55799997,1
338213400000339,164237873,2459396.8837780072,59396.378738400000,16.8288116,0.0152776726,0,zr,315.0724696,-14.190146600000000,0.296999991,0.0089999996,20210701378738,338,13,4,20.6700001,26.0430775,0.0239604060,0.0949327648,0.000004889414,30.0,1.61099994,1
338213400000339,164537811,2459399.8833105710,59399.378113400000,16.3547020,0.0130270226,32768,zr,315.0724896,-14.190115000000000,1.373000026,-0.0199999996,20210704378113,338,13,4,19.6900005,25.4168949,0.3506241739,0.0480791442,0.001146545168,30.0,1.59099996,1
338213400000339,164935328,2459403.8586733257,59403.353287000000,16.8671303,0.0155180627,0,zr,315.0724695,-14.190152800000000,0.702000022,-0.0309999995,20210708353287,338,13,4,20.7000008,25.9136677,0.0273267440,0.0922784358,0.000006403703,30.0,1.63199997,1
338213400000339,165139383,2459405.8993054493,59405.393831000000,16.9401016,0.0160044208,0,zr,315.0724637,-14.190145900000000,0.847000003,0.0060000001,20210710393831,338,13,4,20.8099995,26.0203686,0.0236130301,0.0919497609,0.000004781751,30.0,1.55900002,1
338213400000339,165531190,2459409.8175357096,59409.311909700000,16.8875427,0.0156502724,0,zr,315.0724789,-14.190148700000000,0.509000003,-0.0390000008,20210714311910,338,13,4,20.8899994,25.8952942,0.0254827086,0.0937850475,0.000005559016,30.0,1.75399995,1
338213400000339,165837695,2459412.8826841256,59412.376956000000,16.9038925,0.0157583002,0,zr,315.0724589,-14.190145900000000,0.975000024,0.1350000054,20210717376956,338,13,4,20.8500004,25.9790363,0.0239455942,0.0924600661,0.000004851323,30.0,1.55900002,1
338213400000339,166135789,2459415.8637067843,59415.357893500000,16.7226486,0.0146623254,0,zr,315.0724758,-14.190152000000000,0.646000028,0.0020000001,20210720357894,338,13,4,20.4200001,26.0263824,0.0261066202,0.0964506865,0.000005877005,30.0,1.55900002,1
338213400000339,167034145,2459424.8474423870,59424.341458300000,16.6264801,0.0141648185,0,zr,315.0724665,-14.190158000000000,0.971000016,-0.0949999988,20210729341458,338,13,4,20.7299995,26.0941753,0.0253381375,0.0833858773,0.000005454918,30.0,1.55799997,1
338213400000339,167535664,2459429.8626657320,59429.356643500000,16.8959389,0.0157055091,0,zr,315.0724521,-14.190130000000000,0.902999997,-0.0309999995,20210803356620,338,13,4,20.8600006,26.1150818,0.0247211792,0.0888777524,0.000005226206,30.0,1.59700000,1
338213400000339,168431796,2459438.8239493524,59438.317963000000,16.8979645,0.0157189071,0,zr,315.0724634,-14.190139100000000,0.518999994,-0.0089999996,20210812317963,338,13,4,20.7900009,25.8984337,0.0240988154,0.0917057991,0.000005001089,30.0,1.57000005,1
338213400000339,168629504,2459440.8010067480,59440.295046300000,16.6096249,0.0140831126,0,zr,315.0724756,-14.190139400000000,0.953000009,-0.0419999994,20210814295035,338,13,4,20.4899998,25.9630833,0.0415583104,0.0904476643,0.000014783795,30.0,1.55799997,1
338213400000339,168824020,2459442.7461369587,59442.240208300000,17.2937241,0.0189707372,0,zr,315.0724768,-14.190163700000000,0.680000007,-0.0480000004,20210816240208,338,13,4,20.4799995,26.0101929,0.0250005033,0.0902053267,0.000005333894,30.0,1.65699995,1
338213400000339,169730109,2459451.8067993200,59451.301099500000,16.6518288,0.0142907100,0,zr,315.0724749,-14.190148600000000,1.133999944,-0.0199999996,20210825300822,338,13,4,19.9899998,26.0535698,0.0315075442,0.0940828398,0.000008416906,30.0,1.60899997,1
338213400000339,169927195,2459453.7775887274,59453.271956000000,17.4118977,0.0202254988,0,zr,315.0724379,-14.190151700000000,0.621999979,-0.0179999992,20210827271389,338,13,4,20.5699997,26.1640892,0.0246510413,0.0850811303,0.000005161553,30.0,1.56400001,1
338213400000339,170125248,2459455.7580475840,59455.252488400000,16.7655945,0.0149025405,0,zr,315.0724815,-14.190142000000000,1.343999982,0.0450000018,20210829252477,338,13,4,20.7900009,26.0926018,0.0243318733,0.0962231830,0.000005057525,30.0,1.55799997,1
338213400000339,170523063,2459459.7360297750,59459.230636600000,16.9124374,0.0158155188,0,zr,315.0724774,-14.190130200000000,0.518999994,-0.0289999992,20210902230625,338,13,4,20.8199997,26.1305237,0.0261161048,0.0941359103,0.000005798714,30.0,1.56400001,1
338213400000339,170727329,2459461.7785972017,59461.273298600000,16.8543644,0.0154368561,0,zr,315.0724593,-14.190145300000000,0.671000004,-0.0590000004,20210904273299,338,13,4,20.8600006,26.1382599,0.0245169643,0.0903198496,0.000005117392,30.0,1.60800004,1
338213400000339,170925278,2459463.7579904360,59463.252789400000,16.8905029,0.0156696886,0,zr,315.0724662,-14.190142500000000,0.777000010,0.0030000000,20210906252789,338,13,4,20.6900005,26.1262398,0.0226698350,0.0919155851,0.000004394605,30.0,1.57400000,1
338213400000339,171323245,2459467.7374413745,59467.232453700000,16.7894135,0.0150408149,0,zr,315.0724636,-14.190160700000000,0.871999979,-0.0040000002,20210910232454,338,13,4,20.9899998,26.0673580,0.0241285041,0.0862971246,0.000004991988,30.0,1.56299996,1
338213400000339,171519045,2459469.6953259083,59469.190451400000,16.8473568,0.0153927524,0,zr,315.0724813,-14.190156800000000,1.141000032,-0.0390000008,20210912190451,338,13,4,20.8600006,26.1344643,0.0234104060,0.0893502608,0.000004665289,30.0,1.58299994,1
338213400000339,171722734,2459471.7321007510,59471.227349500000,16.8739891,0.0155621581,0,zr,315.0724707,-14.190163900000000,0.652999997,0.0140000004,20210914227350,338,13,4,20.1800003,26.0126839,0.0273153596,0.0869932175,0.000006439909,30.0,1.56900001,1
338213400000339,172229386,2459476.7982868413,59476.293865700000,16.8079185,0.0151507836,0,zr,315.0724915,-14.190132400000000,0.716000021,-0.0640000030,20210919293866,338,13,4,19.6100006,26.1237984,0.0429963358,0.0893108100,0.000016237522,30.0,2.00999999,1
338213400000339,172621049,2459480.7146419210,59480.210497700000,16.8508034,0.0154144056,0,zr,315.0724764,-14.190136200000000,0.862999976,0.0209999997,20210923210486,338,13,4,20.4200001,26.1227112,0.0249025617,0.0933443308,0.000005312170,30.0,1.58200002,1
338213400000339,173023024,2459484.7340845848,59484.230243100000,16.7059994,0.0145722572,0,zr,315.0724687,-14.190140300000000,0.470999986,0.0170000009,20210927230231,338,13,4,21.1800003,26.0935802,0.0233230423,0.0868363306,0.000004622351,30.0,1.68400002,1
338213400000339,173614798,2459490.6513505200,59490.147986100000,16.8040257,0.0151274670,32768,zr,315.0724669,-14.190134400000000,0.976000011,-0.0350000001,20211003147986,338,13,4,20.6200008,25.9717178,0.0311283786,0.0840335488,0.000008208406,30.0,1.56299996,1
338213400000339,174423937,2459498.7420343496,59498.239375000000,16.9082451,0.0157873780,0,zr,315.0724749,-14.190143800000000,0.634000003,-0.0209999997,20211011239363,338,13,4,20.5699997,26.1152039,0.0244127437,0.0883865058,0.000005065978,30.0,2.07800007,1
338213400000339,174916783,2459503.6700410810,59503.167835600000,17.2344418,0.0183951966,0,zr,315.0724716,-14.190136800000000,1.207999945,-0.0140000004,20211016167836,338,13,4,19.8299999,26.1477566,0.0337541811,0.0931964666,0.000009622567,30.0,1.63900006,1
338213400000339,175812719,2459512.6285444630,59512.127199100000,16.8410187,0.0153531628,0,zr,315.0724710,-14.190141400000000,0.802999973,-0.0189999994,20211025127188,338,13,4,20.8600006,26.1704903,0.0225550197,0.0895468742,0.000004356552,30.0,1.59000003,1
338213400000339,176714824,2459521.6486912225,59521.148240700000,18.4248276,0.0392966606,0,zr,315.0724571,-14.190144500000000,0.476000011,-0.0130000003,20211103148229,338,13,4,20.8400002,26.1677055,0.0227149073,0.0904322341,0.000004356805,30.0,1.79799998,1
338213400000339,176910565,2459523.6059143404,59523.105659700000,16.7908897,0.0150495032,0,zr,315.0724757,-14.190150000000000,0.800999999,-0.0379999988,20211105105648,338,13,4,21.1000004,26.1765766,0.0249112751,0.0915965065,0.000005259828,30.0,1.61300004,1
338213400000339,177008583,2459524.5859897966,59524.085833300000,16.7962952,0.0150814494,0,zr,315.0724647,-14.190156500000000,0.617999971,-0.0170000009,20211106085822,338,13,4,21.1200008,26.1868343,0.0263848454,0.0846925378,0.000005906198,30.0,1.57400000,1
338213400000339,177210732,2459526.6072805384,59526.107326400000,16.8892155,0.0156612359,0,zr,315.0724639,-14.190142000000000,1.069000006,-0.0120000001,20211108107315,338,13,4,20.9300003,26.1959591,0.0210676696,0.0847838446,0.000003773867,30.0,1.64699996,1
338213400000339,177810725,2459532.6066132220,59532.107256900000,16.6506577,0.0142848082,0,zr,315.0724679,-14.190134900000000,1.432000041,-0.0460000001,20211114107257,338,13,4,20.3099995,26.1711407,0.0268011093,0.0907597169,0.000006128743,30.0,1.72700000,1
338213400000339,178315129,2459537.6501568920,59537.151296300000,16.2594414,0.0127099603,32768,zr,315.0725408,-14.190276000000000,0.428000003,0.2460000068,20211119151296,338,13,4,16.0799999,24.1902122,0.0826379582,0.1521694809,0.007230571937,30.0,2.37299991,1
338213400000339,178612754,2459540.6261189603,59540.127546300000,16.8928051,0.0156848300,0,zr,315.0724200,-14.190155000000000,0.442999989,-0.0040000002,20211122127523,338,13,4,19.1399994,26.1476192,0.0436088890,0.0998777300,0.000019629668,30.0,2.11700010,1
338213400000339,178910608,2459543.6043768240,59543.106088000000,16.6923294,0.0144995693,0,zr,315.0724784,-14.190140900000000,0.647000015,0.0030000000,20211125106053,338,13,4,19.5100002,26.1088371,0.0381201245,0.0874333754,0.000012911930,30.0,1.95599997,1
338213400000339,196042200,2459714.9232750316,59714.422002300000,16.7439079,0.0147797940,0,zr,315.0724499,-14.190111600000000,0.595000029,0.0280000009,20220515421991,338,13,4,19.7600002,26.0271587,0.0376481302,0.0955275744,0.000012252491,30.0,2.39599991,1
338213400000339,196441954,2459718.9212047085,59718.419548600000,16.8962288,0.0157074239,0,zr,315.0724584,-14.190154200000000,1.610999942,-0.0700000003,20220519419549,338,13,4,19.5699997,26.0354004,0.0373498723,0.0918613970,0.000012473406,30.0,2.24200010,1
338213400000339,196448858,2459718.9902507210,59718.488588000000,16.7626152,0.0148855038,0,zr,315.0724522,-14.190132500000000,0.739000022,0.0060000001,20220519488588,338,13,4,19.5499992,26.1177177,0.0367603004,0.0865522400,0.000011828214,30.0,1.63800001,1
338213400000339,197241311,2459726.9155145130,59726.413113400000,16.8039360,0.0151269240,0,zr,315.0724603,-14.190159500000000,0.685000002,-0.0500000007,20220527413067,338,13,4,21.0499992,26.0921726,0.0256876424,0.0874637291,0.000005672983,30.0,2.02500010,1
338213400000339,197845052,2459732.9534586450,59732.450520800000,16.9054260,0.0157685243,0,zr,315.0724518,-14.190154500000000,0.833000004,-0.0270000007,20220602450498,338,13,4,20.7299995,26.1224136,0.0236605443,0.0915320814,0.000004817100,30.0,1.63800001,1
338213400000339,198140006,2459735.9032592860,59735.400069400000,16.7977066,0.0150898229,0,zr,315.0724841,-14.190143500000000,0.763000011,-0.0410000011,20220605400069,338,13,4,20.6700001,25.9614429,0.0304542109,0.0885225683,0.000007827209,30.0,1.90300000,1
338213400000339,198543932,2459739.9428515140,59739.439328700000,16.8851395,0.0156345554,0,zr,315.0724766,-14.190155700000000,0.538999975,-0.0289999992,20220609439329,338,13,4,21.2600002,26.1292381,0.0227901861,0.0860138088,0.000004394669,30.0,1.61099994,1
338213400000339,198737888,2459741.8825661000,59741.378888900000,16.7933731,0.0150641622,0,zr,315.0724649,-14.190175800000000,0.514999986,0.0399999991,20220611378889,338,13,4,20.2800007,26.0068893,0.0264277887,0.0933606401,0.000006075707,30.0,1.95000005,1
338213400000339,199037826,2459744.8821725007,59744.378263900000,16.9069214,0.0157785229,0,zr,315.0724718,-14.190156100000000,0.772000015,0.0209999997,20220614378252,338,13,4,19.5499992,26.1359062,0.0374059491,0.1040858403,0.000012511573,30.0,1.87699997,1
338213400000339,199537028,2459749.8745619627,59749.370289400000,16.7113457,0.0146009969,0,zr,315.0724837,-14.190150400000000,0.834999979,-0.0099999998,20220619370289,338,13,4,19.8999996,26.1298103,0.0384114124,0.0935524702,0.000012706085,30.0,1.83000004,1
338213400000339,199739740,2459751.9018197577,59751.397407400000,16.6604500,0.0143343657,0,zr,315.0724643,-14.190163000000000,0.773999989,-0.0289999992,20220621397396,338,13,4,20.7800007,26.1297932,0.0260725990,0.0886949152,0.000005771909,30.0,1.64300001,1
338213400000339,200239508,2459756.8998167426,59756.395081000000,16.9772263,0.0162668880,0,zr,315.0724727,-14.190145400000000,0.574000001,0.0280000009,20220626395081,338,13,4,21.1900005,26.1594048,0.0236360822,0.0861304775,0.000004832123,30.0,1.60500002,1
338213400000339,201037571,2459764.8809021735,59764.375717600000,16.9093342,0.0157946814,0,zr,315.0724600,-14.190135200000000,0.335999995,0.0060000001,20220704375706,338,13,4,21.0900002,26.1691341,0.0223137550,0.0846286342,0.000004264016,30.0,1.59800005,1
338213400000339,201237321,2459766.8785006753,59766.373217600000,16.8886871,0.0156577714,0,zr,315.0724672,-14.190145700000000,0.691999972,-0.0630000010,20220706372778,338,13,4,21.1700001,26.1577396,0.0233446378,0.0838901475,0.000004669996,30.0,1.59099996,1
338213400000339,201933443,2459773.8400136544,59773.334432900000,16.8745346,0.0155656831,0,zr,315.0724450,-14.190140500000000,0.773999989,-0.0630000010,20220713334109,338,13,4,19.4599991,26.0899792,0.0378748439,0.0917325020,0.000013129177,30.0,1.65400004,1
338213400000339,201937755,2459773.8831402855,59773.377557900000,16.8847713,0.0156321488,32768,zr,315.0724372,-14.190146200000000,0.750999987,-0.0450000018,20220713377558,338,13,4,19.2500000,26.1099548,0.0390013717,0.0746502504,0.000015071257,30.0,1.55900002,1
338213400000339,202237636,2459776.8820537026,59776.376365700000,16.9005623,0.0157361347,0,zr,315.0724829,-14.190134900000000,0.827000022,0.0710000023,20220716376331,338,13,4,19.9500008,26.1258640,0.0349253081,0.0928636715,0.000010439837,30.0,1.55799997,1
338213400000339,202241800,2459776.9236986684,59776.418009300000,16.8868752,0.0156459026,0,zr,315.0724649,-14.190147000000000,0.398999989,-0.0320000015,20220716418009,338,13,4,19.9899998,26.1242714,0.0301735848,0.0886273906,0.000007832043,30.0,1.63199997,1
338213400000339,203030996,2459784.8158650165,59784.309965300000,16.6830044,0.0144506283,0,zr,315.0724693,-14.190145100000000,0.801999986,-0.0199999996,20220724309861,338,13,4,21.2800007,26.0598812,0.0231825355,0.0842249915,0.000004580705,30.0,1.63300002,1
338213400000339,203235795,2459786.8638893976,59786.357951400000,16.7350559,0.0147305457,0,zr,315.0724607,-14.190131500000000,1.169000030,-0.0270000007,20220726357940,338,13,4,21.2600002,26.0517807,0.0266764536,0.0960855335,0.000006116310,30.0,1.56200004,1
338213400000339,203437920,2459788.8851704440,59788.379201400000,16.6573486,0.0143186087,0,zr,315.0724632,-14.190132100000000,0.767000020,-0.0299999993,20220728379190,338,13,4,20.7800007,26.0397339,0.0260550436,0.0946614817,0.000005793369,30.0,1.61199999,1
338213400000339,203627304,2459790.7790360195,59790.273044000000,16.7080269,0.0145831378,0,zr,315.0724519,-14.190142400000000,1.342000008,0.0020000001,20220730272998,338,13,4,20.3899994,25.7698727,0.0270156506,0.0902323350,0.000006195979,30.0,1.72899997,1
338213400000339,204335538,2459797.8614072585,59797.355381900000,16.7005844,0.0145433340,0,zr,315.0724605,-14.190152100000000,0.389999986,0.0179999992,20220806355370,338,13,4,21.1499996,26.1691608,0.0220030900,0.0857144669,0.000004125292,30.0,1.61399996,1
338213400000339,204641667,2459800.9226921867,59800.416678200000,16.6420631,0.0142417746,0,zr,315.0724690,-14.190163300000000,0.894999981,-0.0209999997,20220809416678,338,13,4,20.6100006,26.0788231,0.0260499064,0.0889918283,0.000005784428,30.0,2.14100003,1
338213400000339,205131482,2459805.8207901516,59805.314826400000,16.7546234,0.0148400748,32768,zr,315.0724760,-14.190152500000000,0.978999972,-0.1369999945,20220814314826,338,13,4,19.0000000,25.4503803,0.0476698838,0.0865498707,0.000031341871,30.0,1.57200003,1
338213400000339,205333284,2459807.8387787794,59807.332847200000,16.8304253,0.0152875893,0,zr,315.0724825,-14.190154600000000,0.730000019,-0.0560000017,20220816332847,338,13,4,20.7099991,26.1145077,0.0230240673,0.0841966122,0.000004562331,30.0,1.63000000,1
338213400000339,205530782,2459809.8137177470,59809.307824100000,16.8865376,0.0156436954,0,zr,315.0724728,-14.190151400000000,0.451000005,-0.0109999999,20220818307812,338,13,4,20.5900002,26.0855885,0.0243465398,0.0892725065,0.000005127954,30.0,1.57799995,1
338213400000339,205733615,2459811.8420054535,59811.336157400000,16.9052086,0.0157670770,0,zr,315.0724767,-14.190144300000000,0.398000002,0.0109999999,20220820336146,338,13,4,20.7999992,26.0552940,0.0229970645,0.0854521021,0.000004541817,30.0,1.69099998,1
338213400000339,205925219,2459813.7579979594,59813.252199100000,16.9147949,0.0158314034,0,zr,315.0724674,-14.190136800000000,0.275000006,0.0359999985,20220822252199,338,13,4,20.9599991,26.0758152,0.0241315644,0.0892776176,0.000005001824,30.0,1.57599998,1
338213400000339,206127465,2459815.7803933015,59815.274652800000,17.4533787,0.0207020175,0,zr,315.0724569,-14.190135700000000,0.792999983,-0.0209999997,20220824274641,338,13,4,20.9400005,26.0732727,0.0250024498,0.0919495225,0.000005408283,30.0,1.55999994,1
338213400000339,206323083,2459817.7365111140,59817.230833300000,16.7742004,0.0149520757,0,zr,315.0724685,-14.190134600000000,0.939999998,-0.0320000015,20220826230822,338,13,4,21.0900002,26.0689640,0.0245168041,0.0891904384,0.000005147123,30.0,1.59899998,1
338213400000339,206524113,2459819.7467413800,59819.241134300000,16.7160683,0.0146265272,0,zr,315.0724617,-14.190126000000000,1.128000021,0.0370000005,20220828241134,338,13,4,20.8799992,26.1275692,0.0249577332,0.0953260437,0.000005358895,30.0,1.56900001,1
338213400000339,206726505,2459821.7705873700,59821.265057900000,16.7335892,0.0147224246,0,zr,315.0724870,-14.190139000000000,0.580999970,0.0419999994,20220830265046,338,13,4,20.9699993,26.1538506,0.0214467254,0.0815798044,0.000003945904,30.0,1.56500006,1
338213400000339,207027371,2459824.7791177350,59824.273715300000,16.8774834,0.0155847454,0,zr,315.0724726,-14.190137600000000,1.060999990,-0.0370000005,20220902273704,338,13,4,20.7299995,26.1036663,0.0264804624,0.0941078514,0.000006024448,30.0,1.59300005,1
338213400000339,207227383,2459826.7791414256,59826.273831000000,16.8866673,0.0156445391,0,zr,315.0724848,-14.190152500000000,1.054999948,-0.0379999988,20220904273819,338,13,4,20.5699997,26.0776730,0.0261014570,0.0914475471,0.000005924548,30.0,1.60699999,1
338213400000339,208820957,2459842.7139478240,59842.209571800000,16.8052254,0.0151346382,0,zr,315.0724574,-14.190128800000000,1.527999997,-0.0729999989,20220920209549,338,13,4,20.6499996,26.1807098,0.0243429933,0.0915372521,0.000005052954,30.0,1.56700003,1
338213400000339,209027273,2459844.7769622100,59844.272731500000,17.0760460,0.0170179717,0,zr,315.0724728,-14.190122100000000,0.201000005,-0.0160000008,20220922272500,338,13,4,20.7900009,26.1505566,0.0247979295,0.0961591527,0.000005241987,30.0,1.87000000,1
338213400000339,209216565,2459846.6697526440,59846.165659700000,18.2379227,0.0343482271,0,zr,315.0724756,-14.190151600000000,1.363000035,0.0920000002,20220924165660,338,13,4,20.8700008,26.1348305,0.0221058987,0.0811651424,0.000004184757,30.0,1.57099998,1
338213400000339,209419546,2459848.6994035994,59848.195463000000,18.3936348,0.0384139866,0,zr,315.0724648,-14.190144600000000,0.272000015,-0.0000000000,20220926195463,338,13,4,20.9200001,26.1245537,0.0226156861,0.0834045783,0.000004374189,30.0,1.56900001,1
338213400000339,209621515,2459850.7189349660,59850.215150500000,16.9290581,0.0159283374,0,zr,315.0724672,-14.190134100000000,0.885999978,-0.0130000003,20220928215139,338,13,4,21.0699997,26.1360950,0.0226718038,0.0910443068,0.000004404128,30.0,1.62899995,1
338213400000339,209817430,2459852.6779344706,59852.174305600000,16.6825905,0.0144484611,0,zr,315.0724264,-14.190159500000000,1.069000006,-0.1010000035,20220930174294,338,13,4,20.7999992,26.1580048,0.0302118752,0.0825440362,0.000007813489,30.0,1.55999994,1
338213400000339,210523212,2459859.7351669976,59859.232129600000,16.9050179,0.0157658029,0,zr,315.0724708,-14.190150200000000,0.321000010,-0.0040000002,20221007232130,338,13,4,20.0300007,26.1069431,0.0342685096,0.0901307464,0.000010036800,30.0,1.87399995,1
338213400000339,210921232,2459863.7150112610,59863.212326400000,16.3183937,0.0129016181,32768,zr,315.0724752,-14.190148000000000,0.736000001,0.0439999998,20221011212326,338,13,4,19.2700005,25.5878658,0.3141898513,0.0338425189,0.001112222904,30.0,1.80200005,1
338213400000339,211114836,2459865.6508771363,59865.148368100000,16.8851814,0.0156348292,0,zr,315.0724793,-14.190127400000000,0.605000019,-0.0230000000,20221013148356,338,13,4,20.5499992,26.1448441,0.0248892065,0.0934770778,0.000005347336,30.0,1.56799996,1
338213400000339,211319008,2459867.6924017537,59867.190081000000,17.1145592,0.0173324123,0,zr,315.0724675,-14.190136900000000,0.963999987,-0.0719999969,20221015190069,338,13,4,20.9699993,26.1137009,0.0206507314,0.0887902677,0.000003631667,30.0,1.72800004,1
338213400000339,211621375,2459870.7157870377,59870.213750000000,16.8784657,0.0155911138,0,zr,315.0724647,-14.190142600000000,0.463000000,0.0020000001,20221018213704,338,13,4,20.6900005,26.1302624,0.0226294901,0.0892374888,0.000004327854,30.0,1.99100006,1
338213400000339,211916481,2459873.6665699803,59873.164814800000,16.8966942,0.0157105047,0,zr,315.0724333,-14.190161900000000,1.414000034,-0.0579999983,20221021164815,338,13,4,20.4799995,26.1594162,0.0315290280,0.0848946050,0.000008508187,30.0,1.68099999,1
338213400000339,212315112,2459877.6524906040,59877.151122700000,16.7164764,0.0146287382,0,zr,315.0724623,-14.190144100000000,0.587000012,-0.0060000001,20221025151111,338,13,4,20.6299992,26.1747437,0.0236548912,0.0880333409,0.000004758815,30.0,1.66799998,1
338213400000339,212512920,2459879.6303748780,59879.129201400000,16.7945061,0.0150708556,0,zr,315.0724673,-14.190144200000000,0.460000008,-0.0520000011,20221027129190,338,13,4,20.6499996,26.0568333,0.0232841335,0.0886206999,0.000004898727,30.0,1.60800004,1
338213400000339,213313238,2459887.6327616954,59887.132384300000,16.6695213,0.0143807633,0,zr,315.0724581,-14.190144600000000,0.472000003,-0.0179999992,20221104132373,338,13,4,19.9200001,26.1455822,0.0303517971,0.0903719291,0.000007903632,30.0,1.71000004,1
338213400000339,213512796,2459889.6281407670,59889.127963000000,16.8762016,0.0155764520,0,zr,315.0724777,-14.190128900000000,0.620999992,-0.0370000005,20221106127940,338,13,4,19.9099998,26.1726570,0.0314259827,0.0915243328,0.000008443548,30.0,1.71599996,1
338213400000339,214016314,2459894.6628226996,59894.163148100000,16.9378815,0.0159890577,0,zr,315.0724342,-14.190137200000000,1.307000041,-0.0560000017,20221111163137,338,13,4,19.7999992,26.1366520,0.0369207636,0.0986617953,0.000011568995,30.0,2.18700004,1
338213400000339,214113182,2459895.6314068413,59895.131828700000,16.6944408,0.0145107210,0,zr,315.0724617,-14.190124600000000,0.750000000,-0.0289999992,20221112131829,338,13,4,20.3999996,26.1498108,0.0260041673,0.0936385468,0.000005763219,30.0,1.85699999,1
338213400000339,214510888,2459899.6080729510,59899.108888900000,17.8169708,0.0258099567,0,zr,315.0724514,-14.190110700000000,1.013000011,-0.0410000011,20221116108889,338,13,4,19.8899994,26.1758747,0.0327664241,0.0944435224,0.000009191165,30.0,1.76600003,1
338213400000339,214611155,2459900.6106362483,59900.111550900000,16.9154129,0.0158355702,0,zr,315.0724166,-14.190121000000000,0.606999993,0.0109999999,20221117111539,338,13,4,19.4300003,26.1759415,0.0406849720,0.0971501395,0.000015014227,30.0,1.80400002,1
338213400000339,214810612,2459902.6050127180,59902.106122700000,16.7653866,0.0149013540,0,zr,315.0724509,-14.190135000000000,1.065999985,-0.0309999995,20221119106111,338,13,4,20.1399994,26.1547279,0.0290813167,0.0967489928,0.000007226300,30.0,1.80400002,1
338213400000339,215010848,2459904.6071792687,59904.108483800000,16.7813530,0.0149936108,0,zr,315.0724791,-14.190110600000000,0.975000024,-0.0309999995,20221121108484,338,13,4,20.4099998,26.1616974,0.0256041978,0.0989194065,0.000005590425,30.0,1.86800003,1
338213400000339,215510697,2459909.6051974418,59909.106979200000,16.9329300,0.0159549080,0,zr,315.0724568,-14.190139300000000,1.207999945,-0.0320000015,20221126106968,338,13,4,20.0699997,26.1656189,0.0305713993,0.0948711932,0.000007895891,30.0,1.98800004,1
